"","Year","ENGINE.SIZE","CYLINDERS","TRANSMISSION","FUEL","FUEL.CONSUMPTION","COEMISSIONS","INFO"
"1",2000,1.6,4,"A4","X",10.5,216,"ACURA 1.6EL COMPACT"
"2",2000,1.6,4,"M5","X",9.8,205,"ACURA 1.6EL COMPACT"
"3",2000,3.2,6,"AS5","Z",13.7,265,"ACURA 3.2TL MID-SIZE"
"4",2000,3.5,6,"A4","Z",15,301,"ACURA 3.5RL MID-SIZE"
"5",2000,1.8,4,"A4","X",11.4,230,"ACURA INTEGRA SUBCOMPACT"
"6",2000,1.8,4,"M5","X",10.6,219,"ACURA INTEGRA SUBCOMPACT"
"7",2000,1.8,4,"M5","Z",10.8,223,"ACURA INTEGRA GSR/TYPE R SUBCOMPACT"
"8",2000,3,6,"AS4","Z",15.2,306,"ACURA NSX SUBCOMPACT"
"9",2000,3.2,6,"M6","Z",15.4,306,"ACURA NSX SUBCOMPACT"
"10",2000,1.8,4,"A5","Z",12.9,251,"AUDI A4 COMPACT"
"11",2000,1.8,4,"M5","Z",11.1,223,"AUDI A4 COMPACT"
"12",2000,2.8,6,"A5","Z",14.6,285,"AUDI A4 COMPACT"
"13",2000,2.8,6,"M5","Z",13.2,260,"AUDI A4 COMPACT"
"14",2000,1.8,4,"A5","Z",13.6,267,"AUDI A4 QUATTRO COMPACT"
"15",2000,1.8,4,"M5","Z",12.1,246,"AUDI A4 QUATTRO COMPACT"
"16",2000,2.8,6,"A5","Z",14.9,292,"AUDI A4 QUATTRO COMPACT"
"17",2000,2.8,6,"M5","Z",14.3,288,"AUDI A4 QUATTRO COMPACT"
"18",2000,2.8,6,"A5","Z",15,294,"AUDI A6 MID-SIZE"
"19",2000,2.8,6,"A5","Z",15.4,306,"AUDI A6 AVANT QUATTRO STATION WAGON - MID-SIZE"
"20",2000,2.7,6,"A5","Z",15.2,304,"AUDI A6 QUATTRO MID-SIZE"
"21",2000,2.7,6,"M6","Z",15.2,304,"AUDI A6 QUATTRO MID-SIZE"
"22",2000,2.8,6,"A5","Z",15.4,306,"AUDI A6 QUATTRO MID-SIZE"
"23",2000,2.8,6,"M5","Z",14.6,297,"AUDI A6 QUATTRO MID-SIZE"
"24",2000,4.2,8,"A5","Z",15.5,308,"AUDI A6 QUATTRO MID-SIZE"
"25",2000,4.2,8,"A5","Z",15.5,308,"AUDI A8 QUATTRO MID-SIZE"
"26",2000,2.7,6,"A5","Z",15.2,304,"AUDI S4 QUATTRO COMPACT"
"27",2000,2.7,6,"M6","Z",15.2,304,"AUDI S4 QUATTRO COMPACT"
"28",2000,1.8,4,"M5","Z",13.1,260,"AUDI TT COUPE QUATTRO MINICOMPACT"
"29",2000,1.8,4,"M6","Z",13.1,260,"AUDI TT COUPE QUATTRO (SUPERCHARGED) MINICOMPACT"
"30",2000,1.8,4,"M5","Z",12.3,246,"AUDI TT ROADSTER TWO-SEATER"
"31",2000,1.8,4,"M6","Z",13.1,260,"AUDI TT ROADSTER QUATTRO (SUPERCHARGED) TWO-SEATER"
"32",2000,2.5,6,"A5","Z",14.6,292,"BMW 323 CONVERTIBLE COMPACT"
"33",2000,2.5,6,"M5","Z",13.9,281,"BMW 323 CONVERTIBLE COMPACT"
"34",2000,2.5,6,"A5","Z",13.8,271,"BMW 323Ci COMPACT"
"35",2000,2.5,6,"M5","Z",13,258,"BMW 323Ci COMPACT"
"36",2000,2.5,6,"A5","Z",13.8,271,"BMW 323i COMPACT"
"37",2000,2.5,6,"M5","Z",13,258,"BMW 323i COMPACT"
"38",2000,2.8,6,"A5","Z",13.9,274,"BMW 328Ci COMPACT"
"39",2000,2.8,6,"M5","Z",13,258,"BMW 328Ci COMPACT"
"40",2000,2.8,6,"A5","Z",13.9,274,"BMW 328i COMPACT"
"41",2000,2.8,6,"M5","Z",13,258,"BMW 328i COMPACT"
"42",2000,2.8,6,"A4","Z",14.6,288,"BMW 528i COMPACT"
"43",2000,2.8,6,"M5","Z",13,258,"BMW 528i COMPACT"
"44",2000,2.8,6,"A4","Z",14.6,288,"BMW 528i TOURING STATION WAGON - SMALL"
"45",2000,2.8,6,"M5","Z",14.5,285,"BMW 528i TOURING STATION WAGON - SMALL"
"46",2000,4.4,8,"A5","Z",14.7,294,"BMW 540i COMPACT"
"47",2000,4.4,8,"M6","Z",16.4,317,"BMW 540i COMPACT"
"48",2000,4.4,8,"A5","Z",15.5,320,"BMW 540i TOURING STATION WAGON - SMALL"
"49",2000,4.4,8,"A5","Z",15.4,308,"BMW 740i MID-SIZE"
"50",2000,4.4,8,"A5","Z",15.4,308,"BMW 740iL FULL-SIZE"
"51",2000,5.4,12,"A5","Z",19.1,373,"BMW 750iL FULL-SIZE"
"52",2000,3.2,6,"M5","Z",13.9,281,"BMW M COUPE TWO-SEATER"
"53",2000,3.2,6,"M5","Z",13.9,281,"BMW M ROADSTER MINICOMPACT"
"54",2000,4.9,8,"M6","Z",19.6,375,"BMW M5 COMPACT"
"55",2000,4.4,8,"A5","Z",14.9,294,"BMW X5 SUV"
"56",2000,2.5,6,"A4","Z",14,278,"BMW Z3 SUBCOMPACT"
"57",2000,2.5,6,"M5","Z",13.4,267,"BMW Z3 SUBCOMPACT"
"58",2000,2.8,6,"A4","Z",13.9,278,"BMW Z3 SUBCOMPACT"
"59",2000,2.8,6,"M5","Z",13.9,278,"BMW Z3 SUBCOMPACT"
"60",2000,4.9,8,"M6","Z",19.3,380,"BMW Z8 TWO-SEATER"
"61",2000,3.1,6,"A4","X",13.1,255,"BUICK CENTURY MID-SIZE"
"62",2000,3.8,6,"A4","X",13.8,265,"BUICK LESABRE FULL-SIZE"
"63",2000,3.8,6,"A4","X",14.4,276,"BUICK PARK AVENUE FULL-SIZE"
"64",2000,3.8,6,"A4","Z",15.1,290,"BUICK PARK AVENUE # FULL-SIZE"
"65",2000,3.8,6,"A4","X",13.5,262,"BUICK REGAL MID-SIZE"
"66",2000,3.8,6,"A4","Z",15.1,290,"BUICK REGAL # MID-SIZE"
"67",2000,3,6,"A4","Z",14.7,294,"CADILLAC CATERA MID-SIZE"
"68",2000,4.6,8,"A4","Z",15.5,297,"CADILLAC DEVILLE FULL-SIZE"
"69",2000,4.6,8,"A4","Z",15.5,297,"CADILLAC ELDORADO MID-SIZE"
"70",2000,5.7,8,"A4","X",21.2,430,"CADILLAC ESCALADE 4X4 SUV"
"71",2000,4.6,8,"A4","Z",15.5,297,"CADILLAC SEVILLE MID-SIZE"
"72",2000,4.3,6,"A4","X",17,350,"CHEVROLET ASTRO AWD CARGO VAN - CARGO"
"73",2000,4.3,6,"A4","X",17.4,359,"CHEVROLET ASTRO AWD PASSENGER VAN - PASSENGER"
"74",2000,4.3,6,"A4","X",16.2,336,"CHEVROLET ASTRO CARGO VAN - CARGO"
"75",2000,4.3,6,"A4","X",17.7,368,"CHEVROLET ASTRO PASSENGER VAN - PASSENGER"
"76",2000,4.3,6,"A4","X",16.2,336,"CHEVROLET BLAZER SUV"
"77",2000,4.3,6,"M5","X",16.3,327,"CHEVROLET BLAZER SUV"
"78",2000,4.3,6,"A4","X",16.9,350,"CHEVROLET BLAZER 4X4 SUV"
"79",2000,4.3,6,"M5","X",18.7,386,"CHEVROLET BLAZER 4X4 SUV"
"80",2000,4.3,6,"A4","X",17.7,368,"CHEVROLET C1500 SILVERADO PICKUP TRUCK - STANDARD"
"81",2000,4.3,6,"M5","X",18.5,384,"CHEVROLET C1500 SILVERADO PICKUP TRUCK - STANDARD"
"82",2000,4.8,8,"A4","X",16.3,334,"CHEVROLET C1500 SILVERADO PICKUP TRUCK - STANDARD"
"83",2000,4.8,8,"M5","X",18.9,373,"CHEVROLET C1500 SILVERADO PICKUP TRUCK - STANDARD"
"84",2000,5.3,8,"A4","X",16.7,343,"CHEVROLET C1500 SILVERADO PICKUP TRUCK - STANDARD"
"85",2000,5.3,8,"A4","X",17.9,373,"CHEVROLET C2500 SILVERADO PICKUP TRUCK - STANDARD"
"86",2000,6,8,"A4","X",21.4,435,"CHEVROLET C2500 SILVERADO PICKUP TRUCK - STANDARD"
"87",2000,3.8,6,"A4","X",13.9,269,"CHEVROLET CAMARO SUBCOMPACT"
"88",2000,3.8,6,"M5","X",13.7,262,"CHEVROLET CAMARO SUBCOMPACT"
"89",2000,5.7,8,"A4","Z",15.4,306,"CHEVROLET CAMARO SUBCOMPACT"
"90",2000,5.7,8,"M6","Z",14.7,285,"CHEVROLET CAMARO SUBCOMPACT"
"91",2000,2.2,4,"A4","X",11.6,232,"CHEVROLET CAVALIER SUBCOMPACT"
"92",2000,2.2,4,"M5","X",12.2,235,"CHEVROLET CAVALIER SUBCOMPACT"
"93",2000,2.4,4,"A4","X",12.5,248,"CHEVROLET CAVALIER SUBCOMPACT"
"94",2000,2.4,4,"M5","X",12.1,235,"CHEVROLET CAVALIER SUBCOMPACT"
"95",2000,2.2,4,"A3","X",11.8,242,"CHEVROLET CAVALIER BIFUEL SUBCOMPACT"
"96",2000,5.7,8,"A4","Z",15.5,308,"CHEVROLET CORVETTE SUBCOMPACT"
"97",2000,5.7,8,"M6","Z",14.4,278,"CHEVROLET CORVETTE SUBCOMPACT"
"98",2000,4.3,6,"A4","X",17.8,368,"CHEVROLET G15/G25 CHEVY VAN VAN - CARGO"
"99",2000,5,8,"A4","X",18.2,373,"CHEVROLET G15/G25 CHEVY VAN VAN - CARGO"
"100",2000,5.7,8,"A4","X",19.3,398,"CHEVROLET G15/G25 CHEVY VAN VAN - CARGO"
"101",2000,4.3,6,"A4","X",18.3,380,"CHEVROLET G1500/G2500 CHEVY EXPRESS VAN - PASSENGER"
"102",2000,5,8,"A4","X",18.5,384,"CHEVROLET G1500/G2500 CHEVY EXPRESS VAN - PASSENGER"
"103",2000,5.7,8,"A4","X",20.6,426,"CHEVROLET G1500/G2500 CHEVY EXPRESS VAN - PASSENGER"
"104",2000,3.4,6,"A4","X",13.6,260,"CHEVROLET IMPALA FULL-SIZE"
"105",2000,3.8,6,"A4","X",13.5,262,"CHEVROLET IMPALA FULL-SIZE"
"106",2000,4.3,6,"A4","X",17,350,"CHEVROLET K1500 SILVERADO 4X4 PICKUP TRUCK - STANDARD"
"107",2000,4.3,6,"M5","X",18.7,386,"CHEVROLET K1500 SILVERADO 4X4 PICKUP TRUCK - STANDARD"
"108",2000,4.8,8,"A4","X",17.3,366,"CHEVROLET K1500 SILVERADO 4X4 PICKUP TRUCK - STANDARD"
"109",2000,4.8,8,"M5","X",20.1,405,"CHEVROLET K1500 SILVERADO 4X4 PICKUP TRUCK - STANDARD"
"110",2000,5.3,8,"A4","X",18,377,"CHEVROLET K1500 SILVERADO 4X4 PICKUP TRUCK - STANDARD"
"111",2000,5.7,8,"A4","X",21.1,430,"CHEVROLET K1500 TAHOE 4X4 SUV"
"112",2000,3.4,6,"A4","X",13.6,260,"CHEVROLET LUMINA/MONTE CARLO MID-SIZE"
"113",2000,3.8,6,"A4","X",13.5,262,"CHEVROLET LUMINA/MONTE CARLO MID-SIZE"
"114",2000,3.1,6,"A4","X",13.1,255,"CHEVROLET MALIBU MID-SIZE"
"115",2000,1,3,"M5","X",7.1,147,"CHEVROLET METRO SUBCOMPACT"
"116",2000,1.3,4,"A3","X",9.1,191,"CHEVROLET METRO SUBCOMPACT"
"117",2000,1.3,4,"M5","X",7.6,156,"CHEVROLET METRO SUBCOMPACT"
"118",2000,5.3,8,"A4","X",18.9,391,"CHEVROLET NEW C1500 SUBURBAN SUV"
"119",2000,4.8,8,"A4","X",18.7,391,"CHEVROLET NEW C1500 TAHOE SUV"
"120",2000,5.3,8,"A4","X",18.9,391,"CHEVROLET NEW C1500 TAHOE SUV"
"121",2000,4.8,8,"A4","X",18.7,391,"CHEVROLET NEW K1500 TAHOE 4X4 SUV"
"122",2000,5.3,8,"A4","X",18.9,391,"CHEVROLET NEW K1500 TAHOE 4X4 SUV"
"123",2000,2.2,4,"A4","X",13.8,278,"CHEVROLET S10 PICKUP TRUCK - SMALL"
"124",2000,2.2,4,"M5","X",12.2,246,"CHEVROLET S10 PICKUP TRUCK - SMALL"
"125",2000,4.3,6,"A4","X",15.4,313,"CHEVROLET S10 PICKUP TRUCK - SMALL"
"126",2000,4.3,6,"M5","X",16.1,322,"CHEVROLET S10 PICKUP TRUCK - SMALL"
"127",2000,4.3,6,"A4","X",16.8,345,"CHEVROLET S10 4X4 PICKUP TRUCK - STANDARD"
"128",2000,4.3,6,"M5","X",16.3,329,"CHEVROLET S10 4X4 PICKUP TRUCK - STANDARD"
"129",2000,2,4,"A4","X",11.7,251,"CHEVROLET TRACKER 4X4 SUV"
"130",2000,2,4,"M5","X",11.9,255,"CHEVROLET TRACKER 4X4 SUV"
"131",2000,1.6,4,"M5","X",10.5,228,"CHEVROLET TRACKER CONVERTIBLE 4X4 SUV"
"132",2000,2,4,"A4","X",11.7,251,"CHEVROLET TRACKER CONVERTIBLE 4X4 SUV"
"133",2000,2,4,"M5","X",11.9,255,"CHEVROLET TRACKER CONVERTIBLE 4X4 SUV"
"134",2000,3.4,6,"A4","X",14,281,"CHEVROLET VENTURE MINIVAN"
"135",2000,3.5,6,"AS4","X",14.4,283,"CHRYSLER 300M FULL-SIZE"
"136",2000,2.4,4,"A4","X",13.4,265,"CHRYSLER CIRRUS MID-SIZE"
"137",2000,2.5,6,"A4","X",13.6,269,"CHRYSLER CIRRUS MID-SIZE"
"138",2000,2.7,6,"A4","X",13.2,260,"CHRYSLER CONCORDE FULL-SIZE"
"139",2000,3.2,6,"A4","X",14.2,276,"CHRYSLER CONCORDE FULL-SIZE"
"140",2000,2.7,6,"A4","X",13.2,260,"CHRYSLER INTREPID FULL-SIZE"
"141",2000,2.7,6,"AS4","X",13.2,258,"CHRYSLER INTREPID FULL-SIZE"
"142",2000,3.2,6,"AS4","X",14.2,274,"CHRYSLER INTREPID FULL-SIZE"
"143",2000,3.5,6,"AS4","X",14.4,283,"CHRYSLER INTREPID FULL-SIZE"
"144",2000,3.5,6,"A4","X",14.7,288,"CHRYSLER LHS FULL-SIZE"
"145",2000,2,4,"A3","X",10.9,223,"CHRYSLER NEON COMPACT"
"146",2000,2,4,"M5","X",9.6,198,"CHRYSLER NEON COMPACT"
"147",2000,2.4,4,"A4","X",13.4,276,"CHRYSLER PT CRUISER SUBCOMPACT"
"148",2000,2.4,4,"M5","X",13.2,269,"CHRYSLER PT CRUISER SUBCOMPACT"
"149",2000,2.5,6,"A4","X",13.5,267,"CHRYSLER SEBRING COMPACT"
"150",2000,2.5,6,"A4","X",13.6,269,"CHRYSLER SEBRING CONVERTIBLE COMPACT"
"151",2000,2.5,6,"AS4","X",14.7,288,"CHRYSLER SEBRING CONVERTIBLE COMPACT"
"152",2000,3.8,6,"A4","X",15.2,304,"CHRYSLER TOWN & COUNTRY MINIVAN"
"153",2000,3.8,6,"A4","X",16.2,320,"CHRYSLER TOWN & COUNTRY AWD MINIVAN"
"154",2000,1.5,4,"A4","X",11.3,216,"DAEWOO LANOS SUBCOMPACT"
"155",2000,1.5,4,"M5","X",10.3,205,"DAEWOO LANOS SUBCOMPACT"
"156",2000,1.6,4,"A4","X",11.6,225,"DAEWOO LANOS SUBCOMPACT"
"157",2000,1.6,4,"M5","X",10.4,207,"DAEWOO LANOS SUBCOMPACT"
"158",2000,2.2,4,"A4","X",13.4,265,"DAEWOO LEGANZA COMPACT"
"159",2000,2.2,4,"M5","X",13.1,258,"DAEWOO LEGANZA COMPACT"
"160",2000,2,4,"A4","X",12,239,"DAEWOO NUBIRA COMPACT"
"161",2000,2,4,"M5","X",11.9,237,"DAEWOO NUBIRA COMPACT"
"162",2000,2,4,"A4","X",12,239,"DAEWOO NUBIRA WAGON STATION WAGON - SMALL"
"163",2000,2,4,"M5","X",11.9,237,"DAEWOO NUBIRA WAGON STATION WAGON - SMALL"
"164",2000,3,6,"A4","X",14.6,290,"DODGE CARAVAN MINIVAN"
"165",2000,3.3,6,"A4","X",14.5,288,"DODGE CARAVAN MINIVAN"
"166",2000,3.8,6,"A4","X",15.2,304,"DODGE CARAVAN MINIVAN"
"167",2000,3.3,6,"A4","X",14.5,288,"DODGE CARAVAN FFV MINIVAN"
"168",2000,3.3,6,"A4","E",20.6,283,"DODGE CARAVAN FFV MINIVAN"
"169",2000,3.9,6,"A4","X",16.3,331,"DODGE DAKOTA PICKUP TRUCK - STANDARD"
"170",2000,3.9,6,"M5","X",16.8,329,"DODGE DAKOTA PICKUP TRUCK - STANDARD"
"171",2000,4.7,8,"A4","X",17.6,357,"DODGE DAKOTA PICKUP TRUCK - STANDARD"
"172",2000,4.7,8,"M5","X",18.3,363,"DODGE DAKOTA PICKUP TRUCK - STANDARD"
"173",2000,5.9,8,"A4","X",20.8,423,"DODGE DAKOTA PICKUP TRUCK - STANDARD"
"174",2000,3.9,6,"A4","X",18.1,375,"DODGE DAKOTA 4X4 PICKUP TRUCK - STANDARD"
"175",2000,3.9,6,"M5","X",19.1,386,"DODGE DAKOTA 4X4 PICKUP TRUCK - STANDARD"
"176",2000,4.7,8,"A4","X",18.3,370,"DODGE DAKOTA 4X4 PICKUP TRUCK - STANDARD"
"177",2000,4.7,8,"M5","X",18.8,382,"DODGE DAKOTA 4X4 PICKUP TRUCK - STANDARD"
"178",2000,5.9,8,"A4","X",22.3,444,"DODGE DAKOTA 4X4 PICKUP TRUCK - STANDARD"
"179",2000,4.7,8,"A4","X",19.3,389,"DODGE DURANGO 4X4 SUV"
"180",2000,5.9,8,"A4","X",22.3,444,"DODGE DURANGO 4X4 SUV"
"181",2000,5.9,8,"A4","Z",22.3,444,"DODGE DURANGO 5.9 R/T 4X4 SUV"
"182",2000,3,6,"A4","X",14.6,290,"DODGE GRAND CARAVAN MINIVAN"
"183",2000,3.3,6,"A4","X",14.5,288,"DODGE GRAND CARAVAN MINIVAN"
"184",2000,3.8,6,"A4","X",15.2,304,"DODGE GRAND CARAVAN MINIVAN"
"185",2000,3.8,6,"AS4","X",15.5,308,"DODGE GRAND CARAVAN MINIVAN"
"186",2000,3.8,6,"A4","X",16.2,320,"DODGE GRAND CARAVAN AWD MINIVAN"
"187",2000,3.8,6,"AS4","X",16.4,324,"DODGE GRAND CARAVAN AWD MINIVAN"
"188",2000,3.3,6,"A4","X",14.5,288,"DODGE GRAND CARAVAN FFV MINIVAN"
"189",2000,3.3,6,"A4","E",20.6,283,"DODGE GRAND CARAVAN FFV MINIVAN"
"190",2000,3.9,6,"A4","X",17.3,350,"DODGE RAM 1500 PICKUP TRUCK - STANDARD"
"191",2000,3.9,6,"M5","X",17.4,345,"DODGE RAM 1500 PICKUP TRUCK - STANDARD"
"192",2000,5.2,8,"A4","X",20,396,"DODGE RAM 1500 PICKUP TRUCK - STANDARD"
"193",2000,5.2,8,"M5","X",20.2,396,"DODGE RAM 1500 PICKUP TRUCK - STANDARD"
"194",2000,5.9,8,"A4","X",21.5,416,"DODGE RAM 1500 PICKUP TRUCK - STANDARD"
"195",2000,5.2,8,"A4","X",21.6,435,"DODGE RAM 1500 4X4 PICKUP TRUCK - STANDARD"
"196",2000,5.2,8,"M5","X",22.1,437,"DODGE RAM 1500 4X4 PICKUP TRUCK - STANDARD"
"197",2000,5.9,8,"A4","X",21.6,426,"DODGE RAM 1500 4X4 PICKUP TRUCK - STANDARD"
"198",2000,3.9,6,"A3","X",17.6,377,"DODGE RAM 1500 VAN VAN - CARGO"
"199",2000,5.2,8,"A4","X",19.6,386,"DODGE RAM 1500 VAN VAN - CARGO"
"200",2000,5.9,8,"A4","X",20.8,423,"DODGE RAM 1500 VAN VAN - CARGO"
"201",2000,3.9,6,"A3","X",18.3,393,"DODGE RAM 1500 WAGON VAN - PASSENGER"
"202",2000,5.2,8,"A4","X",20,393,"DODGE RAM 1500 WAGON VAN - PASSENGER"
"203",2000,5.2,8,"A4","X",20,393,"DODGE RAM 2500 VAN VAN - CARGO"
"204",2000,5.9,8,"A4","X",21.5,416,"DODGE RAM 2500 VAN VAN - CARGO"
"205",2000,5.2,8,"A4","N",20.8,353,"DODGE RAM 2500 VAN NGV VAN - CARGO"
"206",2000,5.2,8,"A4","X",21.8,444,"DODGE RAM 2500 WAGON VAN - PASSENGER"
"207",2000,5.9,8,"A4","X",21.8,423,"DODGE RAM 2500 WAGON VAN - PASSENGER"
"208",2000,8,10,"M6","Z",21.4,396,"DODGE VIPER GTS SUBCOMPACT"
"209",2000,8,10,"M6","Z",21.4,396,"DODGE VIPER RT/10 SUBCOMPACT"
"210",2000,3.6,8,"AS6","Z",24.6,474,"FERRARI 360 MODENA F1 TWO-SEATER"
"211",2000,3.6,8,"M6","Z",24.1,472,"FERRARI 360 MODENA F1 TWO-SEATER"
"212",2000,5.5,12,"A4","Z",26.7,513,"FERRARI 456 MGT SUBCOMPACT"
"213",2000,5.5,12,"M6","Z",26.3,495,"FERRARI 456 MGT SUBCOMPACT"
"214",2000,5.5,12,"A4","Z",26.7,513,"FERRARI 456 MGTA SUBCOMPACT"
"215",2000,5.5,12,"M6","Z",26.3,495,"FERRARI 456 MGTA SUBCOMPACT"
"216",2000,5.5,12,"M6","Z",30.2,582,"FERRARI 550 MARANELLO SUBCOMPACT"
"217",2000,2,4,"M5","X",11.1,219,"FORD COUGAR COMPACT"
"218",2000,2.5,6,"A4","X",13.1,260,"FORD COUGAR COMPACT"
"219",2000,2.5,6,"M5","X",13.3,260,"FORD COUGAR COMPACT"
"220",2000,4.6,8,"A4","X",15.1,299,"FORD CROWN VICTORIA FULL-SIZE"
"221",2000,4.2,6,"A4","X",19.1,393,"FORD E150 CLUB WAGON VAN - PASSENGER"
"222",2000,4.6,8,"A4","X",18.8,382,"FORD E150 CLUB WAGON VAN - PASSENGER"
"223",2000,5.4,8,"A4","X",19.9,403,"FORD E150 CLUB WAGON VAN - PASSENGER"
"224",2000,4.2,6,"A4","X",19,389,"FORD E150 VAN VAN - CARGO"
"225",2000,4.6,8,"A4","X",17.8,359,"FORD E150 VAN VAN - CARGO"
"226",2000,5.4,8,"A4","X",17.9,363,"FORD E150 VAN VAN - CARGO"
"227",2000,4.2,6,"A4","X",19.1,391,"FORD E250 VAN VAN - CARGO"
"228",2000,5.4,8,"A4","X",20.2,403,"FORD E250 VAN VAN - CARGO"
"229",2000,2,4,"A4","X",10.6,216,"FORD ESCORT ZX2 COMPACT"
"230",2000,2,4,"M5","X",10.6,216,"FORD ESCORT ZX2 COMPACT"
"231",2000,4.6,8,"A4","X",17.8,359,"FORD EXPEDITION SUV"
"232",2000,5.4,8,"A4","X",20.2,403,"FORD EXPEDITION SUV"
"233",2000,4.6,8,"A4","X",19.3,391,"FORD EXPEDITION 4X4 SUV"
"234",2000,5.4,8,"A4","X",21.1,426,"FORD EXPEDITION 4X4 SUV"
"235",2000,4,6,"M5","X",14.9,304,"FORD EXPLORER SUV"
"236",2000,5,8,"A4","X",18.4,368,"FORD EXPLORER SUV"
"237",2000,4,6,"M5","X",16.4,336,"FORD EXPLORER 4X4 SUV"
"238",2000,5,8,"A4","X",18.7,373,"FORD EXPLORER 4X4 SUV"
"239",2000,4,6,"A5","X",17.1,357,"FORD EXPLORER OHV SUV"
"240",2000,4,6,"A5","X",17.3,352,"FORD EXPLORER OHV 4X4 SUV"
"241",2000,4,6,"A5","X",16.5,336,"FORD EXPLORER SOHC SUV"
"242",2000,4,6,"A5","X",16.7,343,"FORD EXPLORER SOHC 4X4 SUV"
"243",2000,4.2,6,"A4","X",16.7,340,"FORD F150 PICKUP TRUCK - STANDARD"
"244",2000,4.2,6,"M5","X",16.3,334,"FORD F150 PICKUP TRUCK - STANDARD"
"245",2000,4.6,8,"A4","X",17,345,"FORD F150 PICKUP TRUCK - STANDARD"
"246",2000,4.6,8,"M5","X",17.8,354,"FORD F150 PICKUP TRUCK - STANDARD"
"247",2000,5.4,8,"A4","X",17.9,363,"FORD F150 PICKUP TRUCK - STANDARD"
"248",2000,4.2,6,"A4","X",17.3,359,"FORD F150 4X4 PICKUP TRUCK - STANDARD"
"249",2000,4.2,6,"M5","X",18,373,"FORD F150 4X4 PICKUP TRUCK - STANDARD"
"250",2000,4.6,8,"A4","X",18.5,380,"FORD F150 4X4 PICKUP TRUCK - STANDARD"
"251",2000,4.6,8,"M5","X",18.8,380,"FORD F150 4X4 PICKUP TRUCK - STANDARD"
"252",2000,5.4,8,"A4","X",20.7,423,"FORD F150 4X4 PICKUP TRUCK - STANDARD"
"253",2000,2,4,"A4","X",10.8,221,"FORD FOCUS SEDAN COMPACT"
"254",2000,2,4,"M5","X",10.8,216,"FORD FOCUS SEDAN COMPACT"
"255",2000,2,4,"A4","X",10.6,219,"FORD FOCUS WAGON STATION WAGON - MID-SIZE"
"256",2000,2,4,"M5","X",10.9,216,"FORD FOCUS WAGON STATION WAGON - MID-SIZE"
"257",2000,4.6,8,"A4","X",15,297,"FORD GRAND MARQUIS FULL-SIZE"
"258",2000,3.8,6,"A4","X",13.4,267,"FORD MUSTANG SUBCOMPACT"
"259",2000,3.8,6,"M5","X",13.6,267,"FORD MUSTANG SUBCOMPACT"
"260",2000,4.6,8,"A4","X",15.1,301,"FORD MUSTANG SUBCOMPACT"
"261",2000,4.6,8,"M5","X",15.4,304,"FORD MUSTANG SUBCOMPACT"
"262",2000,4.6,8,"M5","X",15.7,308,"FORD MUSTANG # SUBCOMPACT"
"263",2000,3,6,"A4","X",15.7,315,"FORD RANGER PICKUP TRUCK - STANDARD"
"264",2000,3,6,"M5","X",16.2,322,"FORD RANGER PICKUP TRUCK - STANDARD"
"265",2000,4,6,"A5","X",17,354,"FORD RANGER PICKUP TRUCK - STANDARD"
"266",2000,4,6,"M5","X",14.9,306,"FORD RANGER PICKUP TRUCK - STANDARD"
"267",2000,3,6,"A4","X",16.4,336,"FORD RANGER 4X4 PICKUP TRUCK - STANDARD"
"268",2000,3,6,"M5","X",15.5,320,"FORD RANGER 4X4 PICKUP TRUCK - STANDARD"
"269",2000,4,6,"A5","X",17.3,357,"FORD RANGER 4X4 PICKUP TRUCK - STANDARD"
"270",2000,4,6,"M5","X",16.5,340,"FORD RANGER 4X4 PICKUP TRUCK - STANDARD"
"271",2000,3,6,"A4","X",13.6,267,"FORD TAURUS MID-SIZE"
"272",2000,3,6,"A4","X",13.5,265,"FORD TAURUS # MID-SIZE"
"273",2000,3,6,"A4","X",14.2,278,"FORD TAURUS WAGON STATION WAGON - MID-SIZE"
"274",2000,3,6,"A4","X",14,276,"FORD TAURUS WAGON # STATION WAGON - MID-SIZE"
"275",2000,3,6,"A4","X",15.6,311,"FORD WINDSTAR VAN VAN - CARGO"
"276",2000,3.8,6,"A4","X",14.9,304,"FORD WINDSTAR VAN VAN - CARGO"
"277",2000,3,6,"A4","X",15.6,311,"FORD WINDSTAR WAGON MINIVAN"
"278",2000,3.8,6,"A4","X",15.5,311,"FORD WINDSTAR WAGON MINIVAN"
"279",2000,4.3,6,"A4","X",17.7,368,"GMC C1500 SIERRA PICKUP TRUCK - STANDARD"
"280",2000,4.3,6,"M5","X",18.5,384,"GMC C1500 SIERRA PICKUP TRUCK - STANDARD"
"281",2000,4.8,8,"A4","X",16.3,334,"GMC C1500 SIERRA PICKUP TRUCK - STANDARD"
"282",2000,4.8,8,"M5","X",18.9,373,"GMC C1500 SIERRA PICKUP TRUCK - STANDARD"
"283",2000,5.3,8,"A4","X",16.7,343,"GMC C1500 SIERRA PICKUP TRUCK - STANDARD"
"284",2000,4.8,8,"A4","X",18.7,391,"GMC C1500 YUKON SUV"
"285",2000,5.3,8,"A4","X",18.9,391,"GMC C1500 YUKON SUV"
"286",2000,5.3,8,"A4","X",18.9,391,"GMC C1500 YUKON XL SUV"
"287",2000,5.3,8,"A4","X",17.9,373,"GMC C2500 SIERRA PICKUP TRUCK - STANDARD"
"288",2000,6,8,"A4","X",21.4,435,"GMC C2500 SIERRA PICKUP TRUCK - STANDARD"
"289",2000,4.3,6,"A4","X",17.8,368,"GMC G15/G25 SAVANA CARGO VAN - CARGO"
"290",2000,5,8,"A4","X",18.2,373,"GMC G15/G25 SAVANA CARGO VAN - CARGO"
"291",2000,5.7,8,"A4","X",19.1,396,"GMC G15/G25 SAVANA CARGO VAN - CARGO"
"292",2000,4.3,6,"A4","X",18.3,380,"GMC G1500/G2500 SAVANA PASSENGER VAN - PASSENGER"
"293",2000,5,8,"A4","X",18.3,377,"GMC G1500/G2500 SAVANA PASSENGER VAN - PASSENGER"
"294",2000,5.7,8,"A4","X",20.6,426,"GMC G1500/G2500 SAVANA PASSENGER VAN - PASSENGER"
"295",2000,4.3,6,"A4","X",16.2,336,"GMC JIMMY SUV"
"296",2000,4.3,6,"M5","X",16.3,327,"GMC JIMMY SUV"
"297",2000,4.3,6,"A4","X",17,350,"GMC JIMMY 4X4 SUV"
"298",2000,4.3,6,"M5","X",18.7,386,"GMC JIMMY 4X4 SUV"
"299",2000,4.3,6,"A4","X",17,350,"GMC K1500 SIERRA 4X4 PICKUP TRUCK - STANDARD"
"300",2000,4.3,6,"M5","X",18.7,386,"GMC K1500 SIERRA 4X4 PICKUP TRUCK - STANDARD"
"301",2000,4.8,8,"A4","X",17.3,366,"GMC K1500 SIERRA 4X4 PICKUP TRUCK - STANDARD"
"302",2000,4.8,8,"M5","X",20.2,407,"GMC K1500 SIERRA 4X4 PICKUP TRUCK - STANDARD"
"303",2000,5.3,8,"A4","X",18,377,"GMC K1500 SIERRA 4X4 PICKUP TRUCK - STANDARD"
"304",2000,4.8,8,"A4","X",18.7,391,"GMC K1500 YUKON 4X4 SUV"
"305",2000,5.3,8,"A4","X",18.9,391,"GMC K1500 YUKON 4X4 SUV"
"306",2000,5.7,8,"A4","X",21.2,430,"GMC K1500 YUKON 4X4 SUV"
"307",2000,4.3,6,"A4","X",16.2,336,"GMC SAFARI CARGO VAN - CARGO"
"308",2000,4.3,6,"A4","X",17,350,"GMC SAFARI CARGO AWD VAN - CARGO"
"309",2000,4.3,6,"A4","X",17.7,368,"GMC SAFARI PASSENGER VAN - PASSENGER"
"310",2000,4.3,6,"A4","X",17.4,359,"GMC SAFARI PASSENGER AWD VAN - PASSENGER"
"311",2000,2.2,4,"A4","X",13.8,278,"GMC SONOMA PICKUP TRUCK - SMALL"
"312",2000,2.2,4,"M5","X",12.2,246,"GMC SONOMA PICKUP TRUCK - SMALL"
"313",2000,4.3,6,"A4","X",15.4,313,"GMC SONOMA PICKUP TRUCK - SMALL"
"314",2000,4.3,6,"M5","X",16.2,322,"GMC SONOMA PICKUP TRUCK - SMALL"
"315",2000,4.3,6,"A4","X",16.8,345,"GMC SONOMA 4X4 PICKUP TRUCK - STANDARD"
"316",2000,4.3,6,"M5","X",16.3,329,"GMC SONOMA 4X4 PICKUP TRUCK - STANDARD"
"317",2000,3,6,"A4","X",13,260,"HONDA ACCORD MID-SIZE"
"318",2000,2.3,4,"A4","X",12.2,246,"HONDA ACCORD DX MID-SIZE"
"319",2000,2.3,4,"M5","X",11.5,235,"HONDA ACCORD DX MID-SIZE"
"320",2000,2.3,4,"A4","X",11.8,237,"HONDA ACCORD EX/LX MID-SIZE"
"321",2000,2.3,4,"M5","X",10.8,221,"HONDA ACCORD EX/LX MID-SIZE"
"322",2000,1.6,4,"A4","X",10.5,216,"HONDA CIVIC COUPE Si SUBCOMPACT"
"323",2000,1.6,4,"M5","X",9.8,205,"HONDA CIVIC COUPE Si SUBCOMPACT"
"324",2000,1.6,4,"M5","Z",10.9,223,"HONDA CIVIC COUPE SiR SUBCOMPACT"
"325",2000,1.6,4,"A4","X",10,202,"HONDA CIVIC CX/DX/LX/EX SUBCOMPACT"
"326",2000,1.6,4,"M5","X",8.8,184,"HONDA CIVIC CX/DX/LX/EX SUBCOMPACT"
"327",2000,2,4,"A4","X",12.5,267,"HONDA CR-V SUV"
"328",2000,2,4,"M5","X",12.5,267,"HONDA CR-V SUV"
"329",2000,1,3,"M5","X",4.9,104,"HONDA INSIGHT SUBCOMPACT"
"330",2000,3.5,6,"A4","X",14.9,292,"HONDA ODYSSEY MINIVAN"
"331",2000,2.2,4,"AS4","Z",12.7,260,"HONDA PRELUDE SUBCOMPACT"
"332",2000,2.2,4,"M5","Z",12,251,"HONDA PRELUDE SUBCOMPACT"
"333",2000,2,4,"M6","Z",13.1,269,"HONDA S2000 SUBCOMPACT"
"334",2000,1.5,4,"A4","X",10.5,209,"HYUNDAI ACCENT COMPACT"
"335",2000,1.5,4,"M5","X",9.7,198,"HYUNDAI ACCENT COMPACT"
"336",2000,2,4,"A4","X",12.2,242,"HYUNDAI ELANTRA COMPACT"
"337",2000,2,4,"M5","X",11.3,223,"HYUNDAI ELANTRA COMPACT"
"338",2000,2,4,"A4","X",12.5,248,"HYUNDAI ELANTRA WAGON STATION WAGON - SMALL"
"339",2000,2,4,"M5","X",11.4,228,"HYUNDAI ELANTRA WAGON STATION WAGON - SMALL"
"340",2000,2.4,4,"A4","X",13,260,"HYUNDAI SONATA 2.4L MID-SIZE"
"341",2000,2.5,6,"A4","X",13.2,262,"HYUNDAI SONATA 2.5L MID-SIZE"
"342",2000,2,4,"A4","X",12.2,244,"HYUNDAI TIBURON SUBCOMPACT"
"343",2000,2,4,"M5","X",11.4,228,"HYUNDAI TIBURON SUBCOMPACT"
"344",2000,2,4,"A4","X",11.6,235,"INFINITI G20 COMPACT"
"345",2000,2,4,"M5","X",11.4,230,"INFINITI G20 COMPACT"
"346",2000,3,6,"A4","X",13.4,265,"INFINITI I30 MID-SIZE"
"347",2000,3.3,6,"A4","X",17.7,366,"INFINITI QX4 4X4 SUV"
"348",2000,2.2,4,"A4","X",13.8,278,"ISUZU HOMBRE PICKUP TRUCK - SMALL"
"349",2000,2.2,4,"M5","X",12.2,246,"ISUZU HOMBRE PICKUP TRUCK - SMALL"
"350",2000,4.3,6,"A4","X",15.4,313,"ISUZU HOMBRE PICKUP TRUCK - SMALL"
"351",2000,4.3,6,"A4","X",16.8,345,"ISUZU HOMBRE 4X4 PICKUP TRUCK - STANDARD"
"352",2000,3.2,6,"A4","X",16.6,340,"ISUZU RODEO 4X4 SUV"
"353",2000,3.2,6,"M5","X",16.8,347,"ISUZU RODEO 4X4 SUV"
"354",2000,3.5,6,"A4","X",17.8,366,"ISUZU TROOPER 4X4 SUV"
"355",2000,3.5,6,"M5","X",17.9,368,"ISUZU TROOPER 4X4 SUV"
"356",2000,3,6,"A5","Z",14.8,290,"JAGUAR S-TYPE V6 MID-SIZE"
"357",2000,4,8,"A5","Z",15.3,308,"JAGUAR S-TYPE V8 MID-SIZE"
"358",2000,4,8,"A5","Z",15.5,306,"JAGUAR VANDEN PLAS MID-SIZE"
"359",2000,4,8,"A5","Z",16.6,331,"JAGUAR VANDEN PLAS SUPERCHARGED MID-SIZE"
"360",2000,4,8,"A5","Z",15.5,306,"JAGUAR XJ8 COMPACT"
"361",2000,4,8,"A5","Z",16.5,331,"JAGUAR XJR # COMPACT"
"362",2000,4,8,"A5","Z",15.4,304,"JAGUAR XK8 SUBCOMPACT"
"363",2000,4,8,"A5","Z",15.5,306,"JAGUAR XK8 CONVERTIBLE MINICOMPACT"
"364",2000,4,8,"A5","Z",15.7,313,"JAGUAR XKR # SUBCOMPACT"
"365",2000,4,8,"A5","Z",16.3,324,"JAGUAR XKR CONVERTIBLE # MINICOMPACT"
"366",2000,4,6,"A4","X",16.6,338,"JEEP CHEROKEE 4X4 SUV"
"367",2000,4,6,"M5","X",15.4,317,"JEEP CHEROKEE 4X4 SUV"
"368",2000,4,6,"A4","X",16.5,336,"JEEP GRAND CHEROKEE 4X4 SUV"
"369",2000,4.7,8,"A4","X",18,363,"JEEP GRAND CHEROKEE 4X4 SUV"
"370",2000,2.5,4,"A3","X",16.6,357,"JEEP TJ 4X4 SUV"
"371",2000,2.5,4,"M5","X",14.7,315,"JEEP TJ 4X4 SUV"
"372",2000,4,6,"A3","X",17.3,368,"JEEP TJ 4X4 SUV"
"373",2000,4,6,"M5","X",16.7,347,"JEEP TJ 4X4 SUV"
"374",2000,1.8,4,"A4","X",11.7,235,"KIA SEPHIA COMPACT"
"375",2000,1.8,4,"M5","X",11.2,237,"KIA SEPHIA COMPACT"
"376",2000,2,4,"A4","X",13.4,294,"KIA SPORTAGE 4X4 SUV"
"377",2000,2,4,"M5","X",12.8,288,"KIA SPORTAGE 4X4 SUV"
"378",2000,4,8,"A4","Z",19.6,403,"LAND ROVER DISCOVERY SERIES II 4X4 SUV"
"379",2000,4,8,"A4","Z",19.6,403,"LAND ROVER DISCOVERY SERIES II 4X4 SUV"
"380",2000,4,8,"A4","Z",19.6,403,"LAND ROVER RANGE ROVER 4X4 SUV"
"381",2000,4.6,8,"A4","Z",22.1,458,"LAND ROVER RANGE ROVER 4X4 SUV"
"382",2000,3,6,"A4","X",13.8,276,"LEXUS ES 300 COMPACT"
"383",2000,3,6,"A5","Z",13.7,281,"LEXUS GS 300 MID-SIZE"
"384",2000,4,8,"A5","Z",15,299,"LEXUS GS 400 MID-SIZE"
"385",2000,4,8,"A5","Z",14.3,285,"LEXUS LS 400 MID-SIZE"
"386",2000,4.7,8,"A4","X",19.4,405,"LEXUS LX 470 SUV"
"387",2000,3,6,"A4","X",14.2,292,"LEXUS RX 300 SUV"
"388",2000,3,6,"A4","X",14.4,299,"LEXUS RX 300 4X4 SUV"
"389",2000,4.6,8,"A4","Z",15.2,297,"LINCOLN CONTINENTAL FULL-SIZE"
"390",2000,3,6,"A5","X",15.4,304,"LINCOLN LS MID-SIZE"
"391",2000,3,6,"M5","X",15.5,304,"LINCOLN LS MID-SIZE"
"392",2000,3.9,8,"A5","X",15.9,313,"LINCOLN LS MID-SIZE"
"393",2000,5.4,8,"A4","Z",21.4,430,"LINCOLN NAVIGATOR 4X4 SUV"
"394",2000,4.6,8,"A4","X",15.3,304,"LINCOLN TOWN CAR FULL-SIZE"
"395",2000,2,4,"A4","X",12.7,258,"MAZDA 626 MID-SIZE"
"396",2000,2,4,"M5","X",10.6,219,"MAZDA 626 MID-SIZE"
"397",2000,2.5,6,"A4","Z",13.7,278,"MAZDA 626 MID-SIZE"
"398",2000,2.5,6,"M5","Z",13.3,271,"MAZDA 626 MID-SIZE"
"399",2000,3,6,"A4","X",15.6,313,"MAZDA B3000 PICKUP TRUCK - STANDARD"
"400",2000,3,6,"M5","X",16.2,322,"MAZDA B3000 PICKUP TRUCK - STANDARD"
"401",2000,4,6,"A5","X",17.1,357,"MAZDA B4000 PICKUP TRUCK - STANDARD"
"402",2000,4,6,"M5","X",15.5,320,"MAZDA B4000 PICKUP TRUCK - STANDARD"
"403",2000,4,6,"A5","X",17.2,354,"MAZDA B4000 4X4 PICKUP TRUCK - STANDARD"
"404",2000,4,6,"M5","X",16.5,343,"MAZDA B4000 4X4 PICKUP TRUCK - STANDARD"
"405",2000,2.5,6,"A4","Z",13.8,276,"MAZDA MILLENIA COMPACT"
"406",2000,2.3,6,"A4","Z",13.7,271,"MAZDA MILLENIA # COMPACT"
"407",2000,2.5,6,"A4","X",15.2,313,"MAZDA MPV MINIVAN"
"408",2000,1.8,4,"A4","X",11.9,244,"MAZDA MX-5 MIATA SUBCOMPACT"
"409",2000,1.8,4,"M5","X",11.1,230,"MAZDA MX-5 MIATA SUBCOMPACT"
"410",2000,1.8,4,"M6","X",11.5,239,"MAZDA MX-5 MIATA SUBCOMPACT"
"411",2000,1.6,4,"A4","X",10.6,221,"MAZDA PROTEGE COMPACT"
"412",2000,1.6,4,"M5","X",9.8,207,"MAZDA PROTEGE COMPACT"
"413",2000,1.8,4,"A4","X",11.2,230,"MAZDA PROTEGE COMPACT"
"414",2000,1.8,4,"M5","X",10.2,212,"MAZDA PROTEGE COMPACT"
"415",2000,2.3,4,"A5","Z",12.5,251,"MERCEDES-BENZ C 230 KOMPRESSOR # COMPACT"
"416",2000,2.8,6,"A5","Z",12.7,258,"MERCEDES-BENZ C 280 COMPACT"
"417",2000,4.3,8,"A5","Z",14.7,304,"MERCEDES-BENZ C 43 AMG COMPACT"
"418",2000,3.2,6,"A5","Z",12.9,255,"MERCEDES-BENZ CLK 320 SUBCOMPACT"
"419",2000,3.2,6,"A5","Z",13.6,269,"MERCEDES-BENZ CLK 320 CABRIOLET MINICOMPACT"
"420",2000,4.3,8,"A5","Z",14.4,290,"MERCEDES-BENZ CLK 430 SUBCOMPACT"
"421",2000,4.3,8,"A5","Z",15.2,304,"MERCEDES-BENZ CLK 430 CABRIOLET MINICOMPACT"
"422",2000,3.2,6,"A5","Z",12.9,253,"MERCEDES-BENZ E 320 MID-SIZE"
"423",2000,3.2,6,"A5","Z",13.1,262,"MERCEDES-BENZ E 320 4MATIC MID-SIZE"
"424",2000,3.2,6,"A5","Z",13.5,274,"MERCEDES-BENZ E 320 4MATIC WAGON STATION WAGON - MID-SIZE"
"425",2000,3.2,6,"A5","Z",13.2,267,"MERCEDES-BENZ E 320 WAGON STATION WAGON - MID-SIZE"
"426",2000,4.3,8,"A5","Z",14.6,292,"MERCEDES-BENZ E 430 MID-SIZE"
"427",2000,4.3,8,"A5","Z",15.1,306,"MERCEDES-BENZ E 430 4MATIC MID-SIZE"
"428",2000,5.5,8,"A5","Z",16,317,"MERCEDES-BENZ E 55 AMG MID-SIZE"
"429",2000,3.2,6,"A5","Z",16.1,336,"MERCEDES-BENZ ML 320 SUV"
"430",2000,4.3,8,"A5","Z",17,354,"MERCEDES-BENZ ML 430 SUV"
"431",2000,4.3,8,"A5","Z",15.3,304,"MERCEDES-BENZ S 430 FULL-SIZE"
"432",2000,5,8,"A5","Z",16.1,320,"MERCEDES-BENZ S 500 FULL-SIZE"
"433",2000,5,8,"A5","Z",16.3,322,"MERCEDES-BENZ SL 500 SUBCOMPACT"
"434",2000,6,12,"A5","Z",20.1,393,"MERCEDES-BENZ SL 600 SUBCOMPACT"
"435",2000,2.3,4,"A5","Z",12,242,"MERCEDES-BENZ SLK 230 KOMPRESSOR # SUBCOMPACT"
"436",2000,2.3,4,"M5","Z",12.6,246,"MERCEDES-BENZ SLK 230 KOMPRESSOR # SUBCOMPACT"
"437",2000,2.4,4,"A4","X",12.8,258,"NISSAN ALTIMA COMPACT"
"438",2000,2.4,4,"M5","X",11.6,235,"NISSAN ALTIMA COMPACT"
"439",2000,2.4,4,"A4","X",13.5,283,"NISSAN FRONTIER PICKUP TRUCK - STANDARD"
"440",2000,2.4,4,"M5","X",12.1,255,"NISSAN FRONTIER PICKUP TRUCK - STANDARD"
"441",2000,2.4,4,"M5","X",14.9,313,"NISSAN FRONTIER 4X4 PICKUP TRUCK - STANDARD"
"442",2000,3.3,6,"A4","X",16.8,350,"NISSAN FRONTIER V6 PICKUP TRUCK - STANDARD"
"443",2000,3.3,6,"M5","X",16.1,345,"NISSAN FRONTIER V6 PICKUP TRUCK - STANDARD"
"444",2000,3.3,6,"A4","X",17.3,361,"NISSAN FRONTIER V6 4X4 PICKUP TRUCK - STANDARD"
"445",2000,3.3,6,"M5","X",16.2,350,"NISSAN FRONTIER V6 4X4 PICKUP TRUCK - STANDARD"
"446",2000,3,6,"A4","X",13.4,265,"NISSAN MAXIMA MID-SIZE"
"447",2000,3,6,"M5","X",12.3,253,"NISSAN MAXIMA MID-SIZE"
"448",2000,3.3,6,"A4","X",17.3,361,"NISSAN PATHFINDER 4X4 SUV"
"449",2000,3.3,6,"M5","X",16.5,357,"NISSAN PATHFINDER 4X4 SUV"
"450",2000,3.3,6,"A4","X",15.5,306,"NISSAN QUEST MINIVAN"
"451",2000,2.4,4,"M5","X",14.2,292,"NISSAN XTERRA SUV"
"452",2000,3.3,6,"A4","X",16.5,343,"NISSAN XTERRA V6 SUV"
"453",2000,3.3,6,"M5","X",15.9,338,"NISSAN XTERRA V6 SUV"
"454",2000,3.3,6,"A4","X",17.3,361,"NISSAN XTERRA V6 4X4 SUV"
"455",2000,3.3,6,"M5","X",16.2,350,"NISSAN XTERRA V6 4X4 SUV"
"456",2000,2.4,4,"A4","X",12.1,242,"OLDSMOBILE ALERO COMPACT"
"457",2000,2.4,4,"M5","X",12.5,244,"OLDSMOBILE ALERO COMPACT"
"458",2000,3.4,6,"A4","X",13.6,262,"OLDSMOBILE ALERO COMPACT"
"459",2000,3.5,6,"A4","X",14.7,283,"OLDSMOBILE INTRIGUE MID-SIZE"
"460",2000,3.4,6,"A4","X",14,281,"OLDSMOBILE SILHOUETTE MINIVAN"
"461",2000,3.5,6,"AS4","Z",15.4,308,"PLYMOUTH PROWLER SUBCOMPACT"
"462",2000,3.8,6,"A4","X",14.4,276,"PONTIAC BONNEVILLE FULL-SIZE"
"463",2000,3.8,6,"A4","Z",15.1,290,"PONTIAC BONNEVILLE # FULL-SIZE"
"464",2000,3.8,6,"A4","X",13.9,269,"PONTIAC FIREBIRD/FORMULA SUBCOMPACT"
"465",2000,3.8,6,"M5","X",13.8,265,"PONTIAC FIREBIRD/FORMULA SUBCOMPACT"
"466",2000,5.7,8,"A4","Z",14.9,299,"PONTIAC FIREBIRD/FORMULA SUBCOMPACT"
"467",2000,5.7,8,"M6","Z",14.9,290,"PONTIAC FIREBIRD/FORMULA SUBCOMPACT"
"468",2000,1,3,"M5","X",7.1,147,"PONTIAC FIREFLY SUBCOMPACT"
"469",2000,1.3,4,"A3","X",9.1,191,"PONTIAC FIREFLY SUBCOMPACT"
"470",2000,1.3,4,"M5","X",7.6,156,"PONTIAC FIREFLY SUBCOMPACT"
"471",2000,2.4,4,"A4","X",12.1,242,"PONTIAC GRAND AM COMPACT"
"472",2000,2.4,4,"M5","X",12.5,244,"PONTIAC GRAND AM COMPACT"
"473",2000,3.4,6,"A4","X",13.6,262,"PONTIAC GRAND AM COMPACT"
"474",2000,3.1,6,"A4","X",13.1,255,"PONTIAC GRAND PRIX MID-SIZE"
"475",2000,3.8,6,"A4","X",13.5,262,"PONTIAC GRAND PRIX MID-SIZE"
"476",2000,3.8,6,"A4","Z",15,288,"PONTIAC GRAND PRIX # MID-SIZE"
"477",2000,3.4,6,"A4","X",14,281,"PONTIAC MONTANA MINIVAN"
"478",2000,2.2,4,"A3","X",11.8,242,"PONTIAC SUNFIRE SUBCOMPACT"
"479",2000,2.2,4,"A4","X",11.6,232,"PONTIAC SUNFIRE SUBCOMPACT"
"480",2000,2.2,4,"M5","X",12.2,235,"PONTIAC SUNFIRE SUBCOMPACT"
"481",2000,2.4,4,"A4","X",12.5,248,"PONTIAC SUNFIRE SUBCOMPACT"
"482",2000,2.4,4,"M5","X",12.1,235,"PONTIAC SUNFIRE SUBCOMPACT"
"483",2000,3.4,6,"AS5","Z",16,308,"PORSCHE 911 CARRERA MINICOMPACT"
"484",2000,3.4,6,"M6","Z",15.4,301,"PORSCHE 911 CARRERA MINICOMPACT"
"485",2000,3.4,6,"AS5","Z",16,313,"PORSCHE 911 CARRERA 4 MINICOMPACT"
"486",2000,3.4,6,"M6","Z",15.7,311,"PORSCHE 911 CARRERA 4 MINICOMPACT"
"487",2000,2.7,6,"AS5","Z",15.3,301,"PORSCHE BOXSTER TWO-SEATER"
"488",2000,2.7,6,"M5","Z",15,297,"PORSCHE BOXSTER TWO-SEATER"
"489",2000,3.2,6,"AS5","Z",15.9,311,"PORSCHE BOXSTER S TWO-SEATER"
"490",2000,3.2,6,"M6","Z",15,294,"PORSCHE BOXSTER S TWO-SEATER"
"491",2000,2,4,"A4","X",13.4,274,"SAAB 9-3 TURBO MID-SIZE"
"492",2000,2,4,"M5","X",12.9,255,"SAAB 9-3 TURBO MID-SIZE"
"493",2000,2.3,4,"M5","X",13.1,258,"SAAB 9-3 TURBO MID-SIZE"
"494",2000,2.3,4,"A4","X",13.9,276,"SAAB 9-5 TURBO FULL-SIZE"
"495",2000,2.3,4,"M5","X",13.2,260,"SAAB 9-5 TURBO FULL-SIZE"
"496",2000,3,6,"A4","X",14.3,283,"SAAB 9-5 TURBO FULL-SIZE"
"497",2000,2.3,4,"A4","X",13.9,276,"SAAB 9-5 WAGON TURBO STATION WAGON - MID-SIZE"
"498",2000,2.3,4,"M5","X",13.2,260,"SAAB 9-5 WAGON TURBO STATION WAGON - MID-SIZE"
"499",2000,3,6,"A4","X",14.3,283,"SAAB 9-5 WAGON TURBO STATION WAGON - MID-SIZE"
"500",2000,2.2,4,"A4","X",11.9,239,"SATURN LS MID-SIZE"
"501",2000,2.2,4,"M5","X",12.2,235,"SATURN LS MID-SIZE"
"502",2000,3,6,"A4","X",13.3,269,"SATURN LS MID-SIZE"
"503",2000,2.2,4,"A4","X",12.1,244,"SATURN LW WAGON STATION WAGON - MID-SIZE"
"504",2000,3,6,"A4","X",13.3,269,"SATURN LW WAGON STATION WAGON - MID-SIZE"
"505",2000,1.9,4,"A4","X",10.1,200,"SATURN SC SUBCOMPACT"
"506",2000,1.9,4,"M5","X",9.8,191,"SATURN SC SUBCOMPACT"
"507",2000,1.9,4,"A4","X",10.6,207,"SATURN SC # SUBCOMPACT"
"508",2000,1.9,4,"M5","X",10.3,202,"SATURN SC # SUBCOMPACT"
"509",2000,1.9,4,"A4","X",10.1,198,"SATURN SL COMPACT"
"510",2000,1.9,4,"M5","X",9.3,184,"SATURN SL COMPACT"
"511",2000,1.9,4,"A4","X",10.6,207,"SATURN SL # COMPACT"
"512",2000,1.9,4,"M5","X",10.3,202,"SATURN SL # COMPACT"
"513",2000,1.9,4,"A4","X",10.6,207,"SATURN SW WAGON # STATION WAGON - SMALL"
"514",2000,1.9,4,"M5","X",10.3,202,"SATURN SW WAGON # STATION WAGON - SMALL"
"515",2000,2.5,4,"A4","X",12.2,246,"SUBARU FORESTER AWD SUV"
"516",2000,2.5,4,"M5","X",12.5,248,"SUBARU FORESTER AWD SUV"
"517",2000,2.2,4,"A4","X",11.7,239,"SUBARU IMPREZA AWD SUBCOMPACT"
"518",2000,2.2,4,"M5","X",11.8,242,"SUBARU IMPREZA AWD SUBCOMPACT"
"519",2000,2.5,4,"A4","X",11.8,244,"SUBARU IMPREZA AWD SUBCOMPACT"
"520",2000,2.5,4,"M5","X",12.8,258,"SUBARU IMPREZA AWD SUBCOMPACT"
"521",2000,2.2,4,"A4","X",11.7,239,"SUBARU IMPREZA WAGON AWD STATION WAGON - SMALL"
"522",2000,2.2,4,"M5","X",11.8,242,"SUBARU IMPREZA WAGON AWD STATION WAGON - SMALL"
"523",2000,2.5,4,"A4","X",12.2,253,"SUBARU LEGACY AWD COMPACT"
"524",2000,2.5,4,"M5","X",12.5,253,"SUBARU LEGACY AWD COMPACT"
"525",2000,2.5,4,"A4","X",12.2,255,"SUBARU LEGACY WAGON AWD STATION WAGON - MID-SIZE"
"526",2000,2.5,4,"M5","X",12.5,253,"SUBARU LEGACY WAGON AWD STATION WAGON - MID-SIZE"
"527",2000,1.6,4,"A4","X",9.9,205,"SUZUKI ESTEEM SUBCOMPACT"
"528",2000,1.6,4,"M5","X",8.8,182,"SUZUKI ESTEEM SUBCOMPACT"
"529",2000,1.8,4,"A4","X",10.3,209,"SUZUKI ESTEEM WAGON STATION WAGON - SMALL"
"530",2000,1.8,4,"M5","X",9.6,196,"SUZUKI ESTEEM WAGON STATION WAGON - SMALL"
"531",2000,2.5,6,"A4","X",14.2,304,"SUZUKI GRAND VITARA 4X4 SUV"
"532",2000,2.5,6,"M5","X",13.8,294,"SUZUKI GRAND VITARA 4X4 SUV"
"533",2000,1.3,4,"A3","X",9.1,191,"SUZUKI SWIFT SUBCOMPACT"
"534",2000,1.3,4,"M5","X",7.6,156,"SUZUKI SWIFT SUBCOMPACT"
"535",2000,2,4,"A4","X",11.7,251,"SUZUKI VITARA 4X4 SUV"
"536",2000,2,4,"M5","X",11.8,253,"SUZUKI VITARA 4X4 SUV"
"537",2000,1.6,4,"M5","X",10.5,228,"SUZUKI VITARA CONVERTIBLE 4X4 SUV"
"538",2000,2,4,"A4","X",11.7,253,"SUZUKI VITARA CONVERTIBLE 4X4 SUV"
"539",2000,2,4,"M5","X",11.8,255,"SUZUKI VITARA CONVERTIBLE 4X4 SUV"
"540",2000,2.7,4,"A4","X",14.2,301,"TOYOTA 4RUNNER 4X4 SUV"
"541",2000,2.7,4,"M5","X",15.4,320,"TOYOTA 4RUNNER 4X4 SUV"
"542",2000,3.4,6,"A4","X",15.7,334,"TOYOTA 4RUNNER 4X4 SUV"
"543",2000,3.4,6,"M5","X",15.7,331,"TOYOTA 4RUNNER 4X4 SUV"
"544",2000,3,6,"A4","X",12.7,251,"TOYOTA AVALON FULL-SIZE"
"545",2000,2.2,4,"A4","X",11.8,239,"TOYOTA CAMRY MID-SIZE"
"546",2000,2.2,4,"M5","X",11.4,228,"TOYOTA CAMRY MID-SIZE"
"547",2000,3,6,"A4","X",13.4,267,"TOYOTA CAMRY MID-SIZE"
"548",2000,2.2,4,"A4","X",11.8,239,"TOYOTA CAMRY SOLARA COMPACT"
"549",2000,3,6,"A4","X",13.4,267,"TOYOTA CAMRY SOLARA COMPACT"
"550",2000,3,6,"M5","X",12.7,253,"TOYOTA CAMRY SOLARA COMPACT"
"551",2000,3,6,"A4","X",14,278,"TOYOTA CAMRY SOLARA CONVERTIBLE SUBCOMPACT"
"552",2000,1.8,4,"A4","X",10.1,205,"TOYOTA CELICA SUBCOMPACT"
"553",2000,1.8,4,"AS4","Z",11.6,237,"TOYOTA CELICA SUBCOMPACT"
"554",2000,1.8,4,"M5","X",10,209,"TOYOTA CELICA SUBCOMPACT"
"555",2000,1.8,4,"M6","Z",11.6,230,"TOYOTA CELICA SUBCOMPACT"
"556",2000,1.8,4,"A4","X",9.3,189,"TOYOTA COROLLA COMPACT"
"557",2000,1.8,4,"M5","X",8.7,179,"TOYOTA COROLLA COMPACT"
"558",2000,1.5,4,"A4","X",8.6,179,"TOYOTA ECHO COMPACT"
"559",2000,1.5,4,"M5","X",8.2,173,"TOYOTA ECHO COMPACT"
"560",2000,2,4,"A4","X",11.3,235,"TOYOTA RAV4 SUV"
"561",2000,2,4,"M5","X",11.2,232,"TOYOTA RAV4 SUV"
"562",2000,2,4,"A4","X",12.2,258,"TOYOTA RAV4 4X4 SUV"
"563",2000,2,4,"M5","X",12.1,258,"TOYOTA RAV4 4X4 SUV"
"564",2000,2,4,"A4","X",11.3,235,"TOYOTA RAV4 SOFT TOP SUV"
"565",2000,2,4,"M5","X",11.2,232,"TOYOTA RAV4 SOFT TOP SUV"
"566",2000,2,4,"A4","X",11.8,251,"TOYOTA RAV4 SOFT TOP 4X4 SUV"
"567",2000,2,4,"M5","X",11.9,253,"TOYOTA RAV4 SOFT TOP 4X4 SUV"
"568",2000,3,6,"A4","X",14.3,288,"TOYOTA SIENNA MINIVAN"
"569",2000,2.4,4,"A4","X",12.6,267,"TOYOTA TACOMA PICKUP TRUCK - STANDARD"
"570",2000,2.4,4,"M5","X",12.2,253,"TOYOTA TACOMA PICKUP TRUCK - STANDARD"
"571",2000,2.7,4,"A4","X",14,301,"TOYOTA TACOMA PICKUP TRUCK - STANDARD"
"572",2000,3.4,6,"A4","X",15.3,324,"TOYOTA TACOMA PICKUP TRUCK - STANDARD"
"573",2000,2.7,4,"A4","X",14.2,301,"TOYOTA TACOMA 4X4 PICKUP TRUCK - STANDARD"
"574",2000,2.7,4,"M5","X",15.7,329,"TOYOTA TACOMA 4X4 PICKUP TRUCK - STANDARD"
"575",2000,3.4,6,"A4","X",15.2,324,"TOYOTA TACOMA 4X4 PICKUP TRUCK - STANDARD"
"576",2000,3.4,6,"M5","X",15.7,331,"TOYOTA TACOMA 4X4 PICKUP TRUCK - STANDARD"
"577",2000,3.4,6,"A4","X",15.7,331,"TOYOTA TUNDRA PICKUP TRUCK - STANDARD"
"578",2000,3.4,6,"M5","X",16,336,"TOYOTA TUNDRA PICKUP TRUCK - STANDARD"
"579",2000,4.7,8,"A4","X",17.3,363,"TOYOTA TUNDRA PICKUP TRUCK - STANDARD"
"580",2000,3.4,6,"A4","X",17.2,368,"TOYOTA TUNDRA 4X4 PICKUP TRUCK - STANDARD"
"581",2000,3.4,6,"M5","X",17.1,363,"TOYOTA TUNDRA 4X4 PICKUP TRUCK - STANDARD"
"582",2000,4.7,8,"A4","X",18.2,382,"TOYOTA TUNDRA 4X4 PICKUP TRUCK - STANDARD"
"583",2000,2,4,"A4","X",12.6,253,"VOLKSWAGEN CABRIO SUBCOMPACT"
"584",2000,2,4,"M5","X",11.2,230,"VOLKSWAGEN CABRIO SUBCOMPACT"
"585",2000,2.8,6,"A4","X",17.6,357,"VOLKSWAGEN EUROVAN MINIVAN"
"586",2000,2.8,6,"A4","X",18.6,375,"VOLKSWAGEN EUROVAN CAMPER MINIVAN"
"587",2000,1.8,4,"A4","Z",12.1,248,"VOLKSWAGEN GOLF COMPACT"
"588",2000,1.8,4,"M5","Z",11.1,225,"VOLKSWAGEN GOLF COMPACT"
"589",2000,2,4,"A4","X",11.9,244,"VOLKSWAGEN GOLF COMPACT"
"590",2000,2,4,"M5","X",11.2,228,"VOLKSWAGEN GOLF COMPACT"
"591",2000,1.9,4,"A4","D",8.1,192,"VOLKSWAGEN GOLF TDI DIESEL COMPACT"
"592",2000,1.9,4,"M5","D",6.7,165,"VOLKSWAGEN GOLF TDI DIESEL COMPACT"
"593",2000,1.8,4,"M5","Z",11.1,225,"VOLKSWAGEN GTI COMPACT"
"594",2000,2,4,"A4","X",11.9,244,"VOLKSWAGEN GTI COMPACT"
"595",2000,2,4,"M5","X",11.2,228,"VOLKSWAGEN GTI COMPACT"
"596",2000,2.8,6,"M5","X",13.2,260,"VOLKSWAGEN GTI COMPACT"
"597",2000,1.8,4,"A4","Z",12.1,248,"VOLKSWAGEN JETTA COMPACT"
"598",2000,1.8,4,"M5","Z",11.1,225,"VOLKSWAGEN JETTA COMPACT"
"599",2000,2,4,"A4","X",11.9,244,"VOLKSWAGEN JETTA COMPACT"
"600",2000,2,4,"M5","X",11.2,228,"VOLKSWAGEN JETTA COMPACT"
"601",2000,2.8,6,"A4","X",14.2,283,"VOLKSWAGEN JETTA COMPACT"
"602",2000,2.8,6,"M5","X",13.6,267,"VOLKSWAGEN JETTA COMPACT"
"603",2000,1.9,4,"A4","D",8.1,192,"VOLKSWAGEN JETTA TDI DIESEL COMPACT"
"604",2000,1.9,4,"M5","D",6.7,165,"VOLKSWAGEN JETTA TDI DIESEL COMPACT"
"605",2000,1.8,4,"A4","Z",11.9,248,"VOLKSWAGEN NEW BEETLE SUBCOMPACT"
"606",2000,1.8,4,"M5","Z",10.6,223,"VOLKSWAGEN NEW BEETLE SUBCOMPACT"
"607",2000,2,4,"A4","X",11.9,244,"VOLKSWAGEN NEW BEETLE SUBCOMPACT"
"608",2000,2,4,"M5","X",11.2,228,"VOLKSWAGEN NEW BEETLE SUBCOMPACT"
"609",2000,1.9,4,"A4","D",8.1,192,"VOLKSWAGEN NEW BEETLE TDI DIESEL SUBCOMPACT"
"610",2000,1.9,4,"M5","D",6.7,165,"VOLKSWAGEN NEW BEETLE TDI DIESEL SUBCOMPACT"
"611",2000,1.8,4,"A5","Z",13.2,258,"VOLKSWAGEN PASSAT MID-SIZE"
"612",2000,1.8,4,"M5","Z",11.2,225,"VOLKSWAGEN PASSAT MID-SIZE"
"613",2000,2.8,6,"A5","Z",14.7,288,"VOLKSWAGEN PASSAT MID-SIZE"
"614",2000,2.8,6,"M5","Z",13.4,262,"VOLKSWAGEN PASSAT MID-SIZE"
"615",2000,1.8,4,"A5","Z",13.2,258,"VOLKSWAGEN PASSAT WAGON STATION WAGON - MID-SIZE"
"616",2000,1.8,4,"M5","Z",11.2,225,"VOLKSWAGEN PASSAT WAGON STATION WAGON - MID-SIZE"
"617",2000,2.8,6,"A5","Z",14.7,288,"VOLKSWAGEN PASSAT WAGON STATION WAGON - MID-SIZE"
"618",2000,2.8,6,"M5","Z",13.4,262,"VOLKSWAGEN PASSAT WAGON STATION WAGON - MID-SIZE"
"619",2000,2.3,5,"A4","Z",14.2,285,"VOLVO C70 CONVERTIBLE TURBO SUBCOMPACT"
"620",2000,2.3,5,"M5","Z",13.4,269,"VOLVO C70 CONVERTIBLE TURBO SUBCOMPACT"
"621",2000,2.4,5,"A4","Z",13.9,278,"VOLVO C70 CONVERTIBLE TURBO SUBCOMPACT"
"622",2000,2.3,5,"A4","Z",13.9,274,"VOLVO C70 TURBO COMPACT"
"623",2000,2.3,5,"M5","Z",13,260,"VOLVO C70 TURBO COMPACT"
"624",2000,2.4,5,"A4","Z",13.6,274,"VOLVO C70 TURBO COMPACT"
"625",2000,2.4,5,"A5","Z",13.2,262,"VOLVO S70 MID-SIZE"
"626",2000,2.4,5,"M5","Z",12.6,251,"VOLVO S70 MID-SIZE"
"627",2000,2.4,5,"A4","Z",14.4,288,"VOLVO S70 AWD TURBO MID-SIZE"
"628",2000,2.4,5,"A4","Z",13.6,274,"VOLVO S70 GLT TURBO MID-SIZE"
"629",2000,2.3,5,"A4","Z",13.9,274,"VOLVO S70 T5 TURBO MID-SIZE"
"630",2000,2.3,5,"M5","Z",13,260,"VOLVO S70 T5 TURBO MID-SIZE"
"631",2000,2.9,6,"A4","Z",14.5,285,"VOLVO S80 2.9 MID-SIZE"
"632",2000,2.8,6,"AS4","Z",15.1,297,"VOLVO S80 T-6 MID-SIZE"
"633",2000,2.4,5,"A5","Z",13.2,262,"VOLVO V70 STATION WAGON - MID-SIZE"
"634",2000,2.4,5,"M5","Z",12.6,251,"VOLVO V70 STATION WAGON - MID-SIZE"
"635",2000,2.4,5,"A4","Z",14.4,288,"VOLVO V70 AWD TURBO STATION WAGON - MID-SIZE"
"636",2000,2.4,5,"A4","Z",13.6,274,"VOLVO V70 GLT TURBO STATION WAGON - MID-SIZE"
"637",2000,2.3,5,"A4","Z",13.9,274,"VOLVO V70 T5 TURBO STATION WAGON - MID-SIZE"
"638",2000,2.3,5,"M5","Z",13,260,"VOLVO V70 T5 TURBO STATION WAGON - MID-SIZE"
"639",2000,2.4,5,"A5","Z",14.7,299,"VOLVO V70R AWD TURBO STATION WAGON - MID-SIZE"
